ID_recepty,waznosc,czy_wykupiona,data_wystawienia,id_wizyty
333992286631585,30,False,2019-05-16,JyPaVtj77i
261682320894642,120,False,2019-03-09,tU0KuwJzYQ
311604831768412,90,True,2021-11-20,5ZxS90QMbD
317905275929939,30,True,2020-06-02,f6nD6Mi8zj
589478300922700,120,False,2021-11-20,BkZWCfYyHS
499012755686992,90,True,2020-12-12,pB5Q4LRwUN
433370582620094,30,True,2018-10-06,5ej3TVoCVY
460084529469977,60,False,2019-02-22,rwjlB0O8aS
241414709873321,60,True,2019-03-12,HNawc5licK
518784555698561,180,False,2020-09-06,txkvvi9nXV
631635875655087,90,False,2020-04-25,xu1iPo7wD9
475080415776780,30,True,2020-10-27,alwHKHlyAL
247895070184308,120,True,2018-11-08,UcOUM5ZnEx
248221041962101,30,False,2018-08-10,4f6nU9TuvJ
737736963627906,120,True,2020-08-25,WQzWYPZIo8
142348540749244,60,False,2018-03-27,tqri87f7Gn
696950514044564,120,True,2021-10-31,O1EtywrQjY
212196851636736,90,True,2020-11-05,OjK2JXQmY7
951017306334947,30,True,2020-02-20,c8CRG8lZj9
526874570367841,60,False,2019-09-05,Cnv5VzyW4G
994375856882062,180,True,2021-12-27,J1BoqrHjra
426131916511146,180,True,2020-12-05,PHm8wj2FS7
146489840400375,120,False,2018-01-01,DdCa4eAnNz
483240755669200,30,False,2019-10-15,SqO0lIVi3G
410645876630339,180,False,2018-12-02,v2CtREV8av
468963408992369,120,False,2018-02-19,fmv9dyQhyq
570801654073468,60,True,2018-03-25,uESEPH1Bfq
748700568763685,30,False,2019-03-08,bIo7aeWCLS
383823502285658,120,True,2020-12-30,0I4HsfQFIz
845157714726675,120,False,2021-05-11,z6qPGjpqDC
476311044350115,120,False,2019-01-21,Zdy49C9OfK
426177854000856,150,False,2020-08-16,P6B5BsbwS6
586283190643804,120,False,2020-01-27,iVkDRjqqj9
297156903760061,150,False,2019-10-20,STBTRKzTTr
509624249229337,120,False,2019-10-15,cz3gBNddBB
266840924904311,90,True,2019-05-14,r36x877INH
699449014141705,30,True,2021-05-11,Z59Vz8jXlP
584823523084659,120,True,2021-05-04,m1z7D4vfGD
379415447276636,120,True,2020-09-30,KUEUmf46iY
928745095201168,30,False,2018-03-26,dAAdclLawX
382067939518819,120,True,2021-08-01,tm7A7QHtyF
579215325641499,60,False,2018-09-21,RnMHc81dju
871164207415917,150,False,2021-06-08,oSe3ByE7GC
681627741115513,90,False,2020-04-04,nVzXjtrnG6
431049349537005,150,True,2018-10-19,h0N15XnMHN
991822150959076,180,True,2019-03-26,aRGfIji74c
721802225564351,120,False,2020-02-14,kXLCqCXy0B
734175633200909,120,False,2019-05-12,M8iJFyD2p9
613619789164215,150,True,2020-08-06,LLpFzYpCZr
554822098590223,30,True,2020-10-08,B46dr07onR
319956709400808,150,False,2019-11-21,pOKO8JXJI3
819361767168957,60,False,2020-02-06,eRIxfEUcJT
153032980620411,150,True,2019-02-16,py7ChZ9o7r
754586917536087,90,False,2020-05-13,nvGhOxGt48
265464159720489,90,True,2018-09-22,H508gLRxuN
367856044323822,150,False,2020-11-26,DCLbWnF1hN
495747463292241,30,False,2021-01-05,WjmIlSQBZC
901340818899159,60,True,2021-08-08,lf9jMpOcqG
140569547061456,180,False,2020-02-10,GjxTkaDwNn
253777993563896,90,True,2020-11-21,hJt38k0HTr
256642421763785,30,False,2019-05-06,IWPajjwED7
307858034050120,180,False,2020-07-22,qiT15Dpf58
501924855726341,60,True,2018-06-10,BQKqToOVmy
195236257595271,90,False,2021-07-26,mm3j67IXSa
707776046267136,150,True,2019-06-17,OjK2JXQmY7
120742236945619,60,False,2021-01-24,moNbYDcH1A
886550413939181,150,True,2018-10-08,hK3J7VbDsj
289099679934171,180,False,2018-05-12,CztiJ8vGSF
466897891423367,30,True,2021-01-23,n7GPXV2Ajz
835043790451893,180,False,2020-10-16,G9TUdHyBti
992784784307111,180,True,2020-06-10,gIrTUEmJRE
555868253556000,90,False,2021-12-08,0AhRmqBvfv
648280924153844,90,True,2021-08-18,ErZcIkqDs8
734088175287463,60,True,2020-10-23,QMzQ6bbK9Q
705882231792874,30,True,2020-11-21,kQUfCICQAF
326056676355089,120,False,2019-12-11,6xq4oA55XQ
147523820104141,60,True,2018-06-06,aIRYuhPZ0n
533623664902363,180,False,2020-06-07,fjZuJ0EtPG
893438578984799,180,False,2018-01-11,vAPX6NoRnf
210843217901916,60,True,2018-07-25,DVXEm1Y1bu
875756324695217,30,False,2021-12-20,mGBMrQ24JG
119672773041558,60,False,2021-04-24,qXuEFXpI17
899134604384121,30,False,2019-07-31,r2CeGiEhFx
714331442684305,90,True,2019-09-07,kXLCqCXy0B
829523182425712,120,True,2019-03-18,untlDesclc
268053776144443,120,False,2018-06-04,lFQJoEigua
172604313039782,150,True,2020-03-16,RsEgxYxtVU
151642726772735,30,False,2020-01-14,yu9lUDj0dO
762740716249899,90,False,2021-10-17,n7GPXV2Ajz
894953419100119,30,False,2021-10-13,l3dp2xR3VM
722541333865780,30,True,2018-09-20,UWLFkYpyIF
904435022528864,180,True,2021-11-23,QtYSGaHjaM
416070631251494,120,True,2020-01-22,MCrnx5sVaB
476718715725786,30,True,2019-11-06,cqgSON8XEg
545059105754509,60,True,2020-10-21,cuBPSYTtEq
348027760902801,180,True,2021-01-20,r5lYXoyTYl
440366213728786,30,False,2019-11-26,kt1ioN9wlp
732682013083758,60,False,2019-11-06,NMjTi0haEr
849000911556737,120,True,2019-05-11,U4LYOXRCTC
758730309145755,120,False,2020-01-14,9Bm1RT4gAk
900594673118922,150,False,2019-09-06,IuI0RyU6TH
565296515244280,180,False,2021-12-30,aFbfHrlTwD
298296796217872,180,True,2018-12-03,bOwgfDhFVk
576654359405072,60,True,2020-07-16,LmraYLcibn
155625778226880,60,False,2019-05-30,bl2Hf0IsEb
157327915088453,30,True,2020-01-19,moNbYDcH1A
471604903687029,90,True,2020-08-05,nWouM13Q1J
697567647175379,90,False,2021-06-25,LbFQXlbazE
503067623734446,60,True,2018-08-13,nSFTQTi1n3
774388827786415,60,True,2020-01-30,KMTWjQ9mq1
782870122344222,90,True,2021-06-22,39EEBabm63
116074467481247,90,False,2018-12-26,inI2ZZiZPA
526889860644846,180,False,2021-01-18,k9qxiSmWML
318710227110787,30,False,2018-03-31,nXhLuZzear
695476567699870,30,False,2018-10-28,hrhcY0a4Xm
612637979906531,120,True,2020-05-30,SxpzYKtZzT
556514978507772,30,True,2019-02-26,bLgB3YyW45
455937270289382,60,True,2021-05-05,lnlMi4yU9C
100768846410458,150,True,2021-01-18,JfPMaYxeUT
751600660914602,120,False,2018-09-04,fKEB8N0ldX
420401747702380,120,True,2021-02-08,YJZiiLTZiv
963008724897930,150,False,2019-05-31,UYy5VuPSwd
171146973137346,30,False,2020-07-12,mGBMrQ24JG
940678189518178,120,False,2019-04-10,k7piuA6dKc
786982411364196,90,False,2021-08-07,UQIyhFjykp
359303170760181,90,False,2021-11-28,EsuYqejH3j
448774595995897,180,True,2020-05-16,HnbA7F2WjG
489872652824185,60,True,2020-08-14,BHml7mJljk
356226177784004,150,False,2021-11-27,SY5kRGetcO
606245344334031,180,False,2021-01-10,35NjQfsPsA
191095306429074,90,False,2021-06-20,TCq4Rcb9kD
843587551384301,90,True,2019-09-21,KMTWjQ9mq1
276066445074271,150,False,2019-01-19,0Wv5bKUNqS
760571253850987,30,True,2020-03-29,0iOOOzcfo8
474123556645530,30,False,2019-06-30,QzVgLUejKo
315191923272161,90,False,2021-06-03,OU95cM1O4J
809673542418206,60,True,2018-06-10,M8iJFyD2p9
535213943584181,30,False,2019-04-05,SuOVKO4iD4
731272534112813,60,True,2019-12-15,BHSSqFhAql
644918940930254,90,False,2020-08-25,VuUjNsxmT7
488139332050746,180,True,2020-03-04,WKoxHSTHk0
127796758587675,90,True,2020-03-15,QqCkXMZN5l
603965390644857,60,True,2018-08-23,z1yZ0iZUzc
931994377990774,150,True,2019-03-28,8hNiakAMHc
721334512416644,150,False,2021-04-11,QkeiGtsuAm
551423323085362,180,False,2019-12-12,QXpsOTVMgk
177152930892888,180,False,2018-01-21,ki7zAc7l7J
631385910485098,30,True,2018-06-10,x9bKuSH4mv
217680295451891,180,False,2018-12-27,ShBFRMB0ao
607251674115090,90,False,2019-07-09,ZaTN2NgG2w
706697984015790,90,False,2018-08-26,gYSmkJn4wn
744482597153897,60,False,2020-05-27,2StxvuTnM4
687827340855922,60,False,2018-09-26,iv44HIoWXX
677114714715977,90,True,2018-07-05,Z59Vz8jXlP
362123098229506,30,False,2018-01-25,yu9lUDj0dO
725371834472253,180,False,2021-02-28,mBglPsb9NE
104369303879167,60,False,2020-09-12,OJfuxwBgvi
320930434934282,150,True,2018-05-11,Bu9F0RAK3W
248397667990236,180,False,2021-11-11,gqTUstFTAx
798399505558825,60,False,2021-07-24,lgX7khQbk7
882830681795772,120,True,2018-12-17,gqTUstFTAx
266910919813429,150,True,2019-06-25,JZ5VMoukjz
645757407752025,90,False,2021-07-16,dSAP7alByo
129597163085069,150,False,2019-07-01,fo39r5lg4B
696543966885183,180,False,2020-06-13,hvWMHVrEiv
187115917042711,90,False,2021-08-14,lzxk2nJKvs
429752038403797,90,False,2018-07-21,ye1e3FtC2B
573860679934669,90,True,2019-03-19,Flc3p2BLg8
240288262554895,30,True,2018-11-29,RqHPbsjF3N
665210093207023,30,True,2020-12-20,p2jGEbWUnh
907272785278409,120,False,2021-09-18,rtybSp8bH3
733546894462709,60,False,2020-07-25,kaotQyx7Kj
395438833185328,150,False,2018-08-08,PUWUUTgnEJ
345981799274658,30,False,2020-08-03,SxpzYKtZzT
917834949665779,150,True,2020-10-05,0FZTPqsBgh
892130663526970,180,True,2021-08-12,moNbYDcH1A
637474773543818,30,False,2021-12-21,j4v3JvyFp7
180478195032543,30,True,2020-01-24,v2QmuW8Uaa
187426207224789,120,True,2020-08-27,MFWSUbqKDj
556168987929987,180,False,2018-04-14,aEdivs37mp
525374561278749,150,False,2020-05-19,JaQtrSdoQe
635330288195948,60,True,2019-11-17,LPZxPvadRX
573605446968075,90,True,2020-08-01,51xX2wpQci
958243662431587,30,True,2020-11-26,ycZ9sbkt0T
812383282127557,150,True,2019-08-19,wJxEwNF9hr
528671557365075,150,True,2021-07-26,aJ5067prJV
373522353941365,180,False,2021-02-18,q51H3bCD6u
199992872605784,180,False,2018-02-27,Pvc2PDu8HO
175797036744247,90,False,2021-02-12,IuI0RyU6TH
775766724210788,120,True,2020-07-04,MHJlrhwbC8
698402722281299,60,True,2021-04-14,2arnecVmhb
157502115451236,60,True,2018-07-04,1CMz2w7utF
303146653109831,180,True,2018-08-16,nSFTQTi1n3
196292898492322,90,False,2018-04-26,FUoGyNi9hr
696942169856210,60,False,2019-06-27,WDuZoP2Xmj
373607552275140,90,False,2020-02-17,oNSGmrZqSG
517439578715611,120,False,2020-12-22,GvxcmOIfgY
308972605780727,120,False,2020-06-09,9dUNA0Qgs1
458192675588552,60,False,2021-02-02,0MCCFJwWAE
807448577111664,60,False,2018-05-20,NhP7dBSaYk
